Frequently Asked Questions,Perguntas Frequentes
Most Frequently Asked Questions,Most Frequently Asked Questions
FAQ Topics,Topicos
There are no FAQ items at the moment.,There are no FAQ items at the moment.
Back to the FAQ overview,Back to the FAQ overview
The requested FAQ item could not be found!,The requested FAQ item could not be found!
Error,Erro
Expand All,Expandir todos
The requested FAQ Category item could not be found!,The requested FAQ Category item could not be found!
Search FAQ,Buscar FAQ
GO,GO
"Search Result For - ""%s"" from category ""%s""","Search Result For - ""%s"" from category ""%s"""
"Search Result For : ""%s""","Search Result For : ""%s"""
There is no FAQ item found for search string!,There is no FAQ item found for search string!
Back,Voltar
Faq Item is not active,Faq Item is not active
Catagory is not active,Catagory is not active
Please Select Category,Por favor selecione uma categoria
